calBP,Australia_NewZealand._Melanesia,Eastern_Africa,Eastern_Asia,Eastern_Europe,Europe,Micronesia_and_Polynesia,Middle_and_Southern.Africa,Middle_North_America,Northern_Africa,Northern_North_America_and_Greenland,South_America,Western_Africa,Western_Asia
14670,NA,NA,0.574611253,2.794744461,15.68025894,NA,0.75,1.928049968,0.068531043,0.889267308,0.650673251,NA,1.254892502
14640,NA,NA,0.547497914,2.753252683,15.55649925,NA,0.771045286,1.839474228,0.065815354,0.868998417,0.636157084,NA,1.254096034
14610,NA,NA,0.527793611,2.713250559,15.42435965,NA,0.746800065,1.762791527,0.063627056,0.853247551,0.627708242,NA,1.252458724
14580,NA,NA,0.530134556,2.698250935,15.3626247,NA,0.745256114,1.748124384,0.063453802,0.852530802,0.631608201,NA,1.251363892
14550,NA,NA,0.552362438,2.695913601,15.31755826,NA,0.762415851,1.777432775,0.064898168,0.86476367,0.649074456,NA,1.249241854
14520,NA,NA,0.582364031,2.70009636,15.27761466,NA,0.787842938,1.824555586,0.066988892,0.882700831,0.673714768,NA,1.246103892
14490,NA,NA,0.610919027,2.711060752,15.25882962,NA,0.813664119,1.877463233,0.069148305,0.901157678,0.698272038,NA,1.242812554
14460,NA,NA,0.634661696,2.725619171,15.25681755,NA,0.83612403,1.927655756,0.071076088,0.917663747,0.720004265,NA,1.239733872
14430,NA,NA,0.652783859,2.743773546,15.27846439,NA,0.854988095,1.975004546,0.072738546,0.931755616,0.736712005,NA,1.237482693
14400,NA,NA,0.671956673,2.783682476,15.40796721,NA,0.878077955,2.050607892,0.07489339,0.947160504,0.745513272,NA,1.239017071
14370,NA,NA,0.703208147,2.863117274,15.71970398,NA,0.907046978,2.182203863,0.07826154,0.965358661,0.751974988,NA,1.247994465
14340,NA,NA,0.73740081,2.953035935,16.10117282,NA,0.941655329,2.333136467,0.081979384,0.985124072,0.752583187,NA,1.259861079
14310,NA,NA,0.772289815,3.044519011,16.51524748,NA,0.979796422,2.489444876,0.085733065,1.004970326,0.747998076,NA,1.273446259
14280,NA,NA,0.817790212,3.155935836,17.02255168,NA,1.016884416,2.67850486,0.090134306,1.025461376,0.747133058,NA,1.291802265
14250,NA,NA,0.885203619,3.314459485,17.69991508,NA,1.048737208,2.931939693,0.095974552,1.047504239,0.761618592,NA,1.318173094
14220,NA,NA,0.976418536,3.533899101,18.54421937,NA,1.068480915,3.235148884,0.103404854,1.067351075,0.804501785,NA,1.352492858
14190,NA,NA,1.069735582,3.777139096,19.37639348,NA,1.07219084,3.514512916,0.11107795,1.0790361,0.87350019,NA,1.38677648
14160,NA,NA,1.143674071,4.089015481,20.21318683,NA,1.065594016,3.783202249,0.120923701,1.077604606,0.992723513,NA,1.419779284
14130,NA,NA,1.15173849,4.493017731,20.9457096,NA,1.049864897,4.027945485,0.138086764,1.061549477,1.134899327,NA,1.452295763
14100,NA,NA,1.104590816,4.895201041,21.31742658,NA,1.017692612,4.145819705,0.165587309,1.043459057,1.192110336,NA,1.483676453
14070,NA,NA,1.037216753,5.248004608,21.41422356,NA,0.976529759,4.272295411,0.202510184,1.031747892,1.179629945,NA,1.516890396
14040,NA,NA,0.944447634,5.532104511,21.29628886,NA,0.939168971,4.393538148,0.243059516,1.024487968,1.129297196,NA,1.546737238
14010,NA,NA,0.83047783,5.759928879,21.00275558,NA,0.91231306,4.422965993,0.278352693,1.014524818,1.057461663,NA,1.565052467
13980,NA,NA,0.70492876,5.939739295,20.63061662,NA,0.893671846,4.334034787,0.304967181,1.001021216,0.983156867,NA,1.572304008
13950,NA,NA,0.601147489,5.995560946,20.10354992,NA,0.873111376,4.203773708,0.327851953,0.99833485,0.845115857,NA,1.576556006
13920,NA,NA,0.57036666,5.967782445,19.70431775,NA,0.852140329,4.223857754,0.347938878,1.010039259,0.704431708,NA,1.587239418
13890,NA,NA,0.569642858,5.943739838,19.58221726,NA,0.843564547,4.324125305,0.358568587,1.019547038,0.651253309,NA,1.596179712
13860,NA,NA,0.584554444,5.899919293,19.59700427,NA,0.829419475,4.351000179,0.383332426,1.04061359,0.6448655,NA,1.617645645
13830,NA,NA,0.623627002,5.826587784,19.56782814,NA,0.809628621,4.195254066,0.432895449,1.074452707,0.674932545,NA,1.646486089
13800,NA,NA,0.652010474,5.718816923,19.50800936,NA,0.786464347,4.064571463,0.503406752,1.128690807,0.732063873,NA,1.674272116
13770,NA,NA,0.688574115,5.604612326,19.38368995,NA,0.758749993,3.997002441,0.576529635,1.182148204,0.752405284,NA,1.710694087
13740,NA,NA,0.727243197,5.504229274,19.305831,NA,0.733782608,3.883710253,0.643101837,1.229021899,0.78495057,NA,1.745308555
13710,NA,NA,0.757299086,5.408324063,19.27145584,NA,0.712551791,3.701128821,0.708450052,1.277398057,0.850700742,NA,1.770851271
13680,NA,NA,0.785122129,5.313628259,19.25874807,NA,0.700751058,3.504228828,0.769508212,1.336917007,0.932329237,NA,1.784461391
13650,NA,NA,0.820731656,5.240378649,19.33083817,NA,0.725768831,3.423701303,0.822806143,1.492757262,1.044888049,NA,1.74820107
13620,NA,NA,0.842501414,5.194593676,19.47629047,NA,0.754495078,3.477141969,0.851966974,1.63560011,1.123344209,NA,1.709480319
13590,NA,NA,0.862669331,5.160615638,19.6206141,NA,0.780597384,3.543752549,0.868216996,1.749205815,1.175135307,NA,1.679286674
13560,NA,NA,0.92051015,5.172948278,19.68969467,NA,0.779603672,3.695469683,0.91348049,1.994377078,1.221901269,NA,1.635327098
13530,NA,NA,0.980902597,5.225591031,19.65662101,NA,0.750725017,3.898817591,0.957957476,2.285455025,1.239906873,NA,1.602873736
13500,NA,NA,1.037296424,5.268208954,19.57041886,NA,0.71965002,4.147365788,0.991942776,2.58002246,1.239490156,NA,1.584891046
13470,NA,NA,1.09028805,5.314753706,19.39033757,NA,0.679246045,4.408187848,1.012496972,2.820462711,1.198435715,NA,1.585867886
13440,NA,NA,1.098169291,5.369261816,19.15077135,NA,0.624346147,4.608482981,1.009808984,2.941835659,1.13799415,NA,1.608662247
13410,NA,NA,1.132006362,5.417613172,18.91668744,NA,0.578619987,4.881719369,1.014591407,3.114970072,1.066683832,NA,1.619270532
13380,NA,NA,1.117723257,5.483467578,18.84189343,NA,0.550447903,5.152573632,1.010957648,3.228624796,0.992972501,NA,1.616289531
13350,NA,NA,1.051378122,5.545066248,19.04141692,NA,0.566037265,5.329725995,0.99281955,3.235553361,0.941981908,NA,1.606960534
13320,NA,NA,0.99184676,5.592320965,19.33458978,NA,0.598405967,5.462187973,0.979185575,3.213193877,0.912272017,NA,1.585514976
13290,NA,NA,0.93071779,5.697748946,19.81331299,NA,0.630294672,5.554495185,0.957020247,3.189477165,0.904162461,NA,1.567221014
13260,NA,NA,0.874545813,5.819998604,20.31052675,NA,0.658794084,5.635141402,0.943049896,3.173979046,0.902947168,NA,1.548634169
13230,NA,NA,0.861304498,6.083111069,21.25024843,NA,0.691292592,6.082588736,1.001337863,3.230444271,0.972384694,NA,1.578165839
13200,NA,NA,0.879681187,6.422960963,22.29626769,NA,0.71432227,6.632215802,1.103210478,3.329434065,1.068738881,NA,1.633540354
13170,NA,NA,0.974755246,6.718785691,23.14278719,NA,0.707920407,7.292816571,1.287519142,3.443665651,1.229312925,NA,1.744963506
13140,NA,NA,1.079269567,6.677966769,23.37254566,NA,0.682116442,7.968411588,1.365078585,3.463490412,1.496241577,NA,1.913335459
13110,NA,NA,1.172914916,6.559725021,23.29483665,NA,0.655878577,8.633643081,1.383996669,3.459067739,1.77309241,NA,2.091005604
13080,NA,NA,1.2738341,6.423504141,23.15963311,NA,0.628402458,9.301950411,1.42199317,3.459398189,2.041490235,NA,2.259569166
13050,NA,NA,1.357743169,6.242609326,22.80020933,NA,0.599909201,9.876478805,1.420994372,3.435345353,2.304956021,NA,2.424463773
13020,NA,NA,1.39007606,5.889468047,21.96180993,NA,0.567677228,10.06075697,1.326617128,3.327089765,2.522740088,NA,2.547363042
12990,NA,NA,1.400120752,5.465041,21.00705028,NA,0.539698157,10.23433939,1.192442658,3.194813114,2.770455375,NA,2.672828219
12960,NA,NA,1.357508309,5.125289393,20.22897439,NA,0.542797177,10.64723195,1.030479617,3.090752936,3.028672996,NA,2.797431767
12930,NA,NA,1.334262038,5.023026558,20.00208853,NA,0.556191258,11.16039741,1.016547101,3.07202766,3.199381137,NA,2.893080438
12900,NA,NA,1.342407499,4.998028599,20.23563338,NA,0.601344267,12.0883687,1.060538944,3.107870878,3.56935494,NA,3.03930883
12870,NA,NA,1.374657747,5.034420681,20.80495869,NA,0.676656412,13.3218069,1.126613718,3.184406917,3.938095379,NA,3.223281138
12840,NA,NA,1.435375437,5.171830465,21.71640285,NA,0.783435628,14.83334325,1.19749236,3.293057403,4.625563015,NA,3.430803864
12810,NA,NA,1.577767341,5.581986591,23.16651826,NA,0.91407857,17.12679436,1.188399406,3.459411303,5.91131176,NA,3.859705121
12780,NA,NA,1.801476013,5.913335026,23.5971326,NA,1.008437543,18.27040516,1.195406337,3.61764023,7.049908655,NA,4.295941104
12750,NA,NA,1.997450954,6.048492263,23.25031769,NA,1.093264241,18.49071634,1.143554556,3.759996966,7.911599265,NA,4.587214658
12720,NA,NA,2.141235116,6.041185127,22.59532855,NA,1.173147663,18.50623359,1.05779128,3.892785378,8.745067886,NA,4.835155889
12690,NA,NA,2.200811823,5.871241065,21.24406047,NA,1.208405057,17.86181252,0.91432314,3.95606091,9.301462556,NA,4.999039855
12660,NA,NA,2.136140801,5.502655693,19.36215939,NA,1.231144239,16.84585202,0.740940797,3.966762099,9.776083471,NA,5.120269035
12630,NA,NA,2.006308493,4.922531857,16.84943174,NA,1.189530859,15.13647321,0.610778674,3.905907395,9.69909002,NA,5.142299048
12600,NA,NA,1.870663159,4.289259259,14.6652264,NA,1.174872203,13.41057304,0.547660539,3.868500158,9.21128509,NA,4.966335911
12570,NA,NA,1.676297986,3.818290665,13.58240702,NA,1.173472133,12.70740276,0.460714703,3.839646049,8.952917912,NA,4.839491066
12540,NA,NA,1.446919019,3.439603127,12.60634375,NA,1.137521187,11.98527759,0.417662875,3.718728939,8.637052212,NA,4.749440873
12510,NA,NA,1.222026499,3.082651577,11.5568499,NA,1.068902285,11.06713056,0.398717514,3.559074824,8.224529722,NA,4.650342425
12480,NA,NA,1.091521781,2.871238773,10.8024271,NA,0.988788866,10.33915822,0.40929892,3.412563813,7.920272631,NA,4.572732926
12450,0.018722746,NA,1.043268764,2.783116891,10.37544651,NA,0.92069873,9.786340469,0.428039887,3.308143503,7.666914066,NA,4.515671719
12420,0.020484334,NA,0.983203532,2.683959154,9.944170463,NA,0.863110216,9.291532315,0.441724173,3.201599607,7.419234915,NA,4.462232761
12390,0.023021614,NA,0.845641779,2.477504789,9.219086835,NA,0.796985168,8.576920501,0.451115814,3.049668303,7.131665948,NA,4.389091032
12360,0.024804838,NA,0.769749252,2.360924441,8.771773047,NA,0.749234669,8.117665082,0.459818779,2.943719488,6.89116844,NA,4.339005067
12330,0.025648435,NA,0.763690299,2.34805664,8.705272319,NA,0.736750134,8.010408244,0.463732884,2.929402505,6.855495529,NA,4.329532844
12300,0.025066889,NA,0.763454078,2.352555663,8.743345176,NA,0.747952893,8.056418283,0.45882633,2.931400762,6.85402746,NA,4.332050224
12270,0.023870059,NA,0.764195916,2.361458009,8.808681008,NA,0.766322787,8.151051227,0.451028869,2.93646331,6.855884469,NA,4.338155156
12240,0.023970715,NA,0.764559361,2.36045317,8.797983364,NA,0.763003143,8.141006072,0.452590027,2.936414482,6.857474851,NA,4.337735299
12210,0.025693168,NA,0.761690477,2.348075252,8.719003798,NA,0.742909161,8.006484434,0.460602256,2.926896079,6.854589543,NA,4.328064777
12180,0.026754373,NA,0.761406655,2.343300917,8.682911911,NA,0.732708392,7.957155548,0.464955011,2.9241844,6.859051838,NA,4.325071298
12150,0.028849939,NA,0.762547231,2.332791802,8.589268387,NA,0.704839282,7.852690022,0.477225796,2.919886038,6.874575429,NA,4.319960283
12120,0.030856457,NA,0.77064802,2.33717234,8.565162392,NA,0.691475404,7.928518752,0.485066765,2.929970848,6.897746138,NA,4.331891464
12090,0.033841305,NA,0.780419925,2.337297158,8.49964194,NA,0.664975802,7.974574122,0.49934164,2.939050597,6.912670871,NA,4.346800297
12060,0.037501374,NA,0.799814291,2.349645491,8.484658978,NA,0.648610066,8.16932941,0.513803532,2.964018011,6.940001209,NA,4.393093196
12030,0.041443573,NA,0.829046347,2.372081125,8.534041952,NA,0.655254371,8.475129366,0.52654905,3.004105299,7.000885435,NA,4.480234816
12000,0.047412524,NA,0.883244333,2.377853483,8.649616064,NA,0.740990135,8.762639529,0.54815993,3.073737748,7.15745794,NA,4.678781172
11970,0.055081787,NA,0.941412585,2.377516606,8.77861821,NA,0.847732921,9.01156795,0.570689371,3.146902683,7.378753731,NA,4.900804399
11940,0.064458963,NA,0.999670701,2.364664852,8.943114437,NA,0.982271349,9.244728266,0.59284432,3.224663319,7.630849228,NA,5.135473647
11910,0.07857672,NA,1.051911782,2.339758028,9.118589077,NA,1.130387694,9.402548305,0.614090062,3.300547535,7.892658574,NA,5.36048065
11880,0.095865957,NA,1.086800728,2.280724529,9.379237435,NA,1.325542359,9.513000952,0.640682944,3.406849302,8.147126636,NA,5.592693567
11850,0.111947256,NA,1.109550966,2.208654416,9.630108193,NA,1.523726212,9.522562802,0.665108016,3.505555448,8.388066064,NA,5.793584478
11820,0.135827247,NA,1.111356374,2.135030528,9.853222936,NA,1.688895755,9.474996036,0.68457004,3.601370329,8.499561133,NA,5.972294669
11790,0.16546203,NA,1.074358644,2.080688917,10.01899594,NA,1.757293454,9.390304914,0.694104214,3.693218772,8.429030021,NA,6.117720788
11760,0.210368779,0.00031311,1.025162415,2.029983535,10.23723255,NA,1.811793169,9.305585409,0.706843029,3.812383557,8.212678831,0.002552933,6.370267296
11730,0.24140423,0.000435,0.977105466,1.990736229,10.40395517,NA,1.843309132,9.214093966,0.715906454,3.912677031,8.014563268,0.00340295,6.565345627
11700,0.28794086,0.0008939,0.925138296,1.966616719,10.5667467,NA,1.844987445,9.110964545,0.725058916,4.01901057,7.761073387,0.004399495,6.83023503
11670,0.378934673,0.0023418,0.869337466,1.978055774,10.82497976,NA,1.781679272,9.102770639,0.758443848,4.149324526,7.522638286,0.006352367,7.340214146
11640,0.447492938,0.00327203,0.808606508,1.988831104,11.09678053,NA,1.71458921,9.091625187,0.792295376,4.288496075,7.261693399,0.00834661,7.875567859
11610,0.491951672,0.003902671,0.770183034,2.000561204,11.29192378,NA,1.668849678,9.115238277,0.8129696,4.381416914,7.074074604,0.009593125,8.248670321
11580,0.543069488,0.004877188,0.746660204,2.00943323,11.43518764,NA,1.640701101,9.154142961,0.828881988,4.442206218,7.014488322,0.010435106,8.499539776
11550,0.597633251,0.005997356,0.720731157,2.019394365,11.66336768,NA,1.606420286,9.257387092,0.866873399,4.519328362,7.012979399,0.011929694,8.842971069
11520,0.642288725,0.006672439,0.686962626,2.032375112,11.94457712,NA,1.562651766,9.376430634,0.911989958,4.617665324,6.891228412,0.013760033,9.275669533
11490,0.64439696,0.006631718,0.675880846,2.037068247,12.04278484,NA,1.548468806,9.423301917,0.928129933,4.650924545,6.856311663,0.014433293,9.421284535
11460,0.634586292,0.006335745,0.660957061,2.065215305,12.32758216,NA,1.532680222,9.527016805,1.022403487,4.735660972,6.825606135,0.019129689,9.781782809
11430,0.640519977,0.006602359,0.639537487,2.091310322,12.68200192,NA,1.50678674,9.659733429,1.129122897,4.83948915,6.861750666,0.023925625,10.24584704
11400,0.693149099,0.00864922,0.605199281,2.147061048,13.26272625,NA,1.46750818,9.888947934,1.308774125,5.014633222,7.039576275,0.032993155,10.99308094
11370,0.741607941,0.011767265,0.571749474,2.242511172,13.93971098,NA,1.435417177,10.1607162,1.541369854,5.225222042,7.334516037,0.047006816,11.82847113
11340,0.830552548,0.019028763,0.550007351,2.414438387,14.64332808,NA,1.426715264,10.47318227,1.813504946,5.455985755,7.871016304,0.071242767,12.64069152
11310,1.0073367,0.042183324,0.550809552,2.787049906,15.76116612,NA,1.44109059,11.04859417,2.14421939,5.746382263,8.987177945,0.137245562,13.61947732
11280,1.20604529,0.082386129,0.605319287,3.164940124,17.12948484,NA,1.479195563,11.53376689,2.405688852,5.94592297,10.54692957,0.227277125,14.35857708
11250,1.377363859,0.135658731,0.702738517,3.330939559,17.87773206,NA,1.614395789,11.54268352,2.472306248,5.908510423,11.77188864,0.306367165,14.32682077
11220,1.506298289,0.188431754,0.771289792,3.360636614,18.32427999,NA,1.788085019,11.34983005,2.493925982,5.787868416,12.52625559,0.38289263,14.0656378
11190,1.588703999,0.237447043,0.838958792,3.324373328,18.5229356,NA,1.956773172,11.04030646,2.42886041,5.586967953,13.04465309,0.455184452,13.52661679
11160,1.633937125,0.278397441,0.899872889,3.216093445,18.52648264,NA,2.088440129,10.62790715,2.314579604,5.31711569,13.33113659,0.530686612,12.76328112
11130,1.62242739,0.296008264,0.96001077,2.94616308,18.23039025,NA,2.188753585,10.18920293,2.153740707,4.947898683,13.32821253,0.607731205,11.78198713
11100,1.542052668,0.295436818,0.979867296,2.513104097,17.5384029,NA,2.251796974,9.541577368,1.986822827,4.582341174,12.69597523,0.641701445,10.8131198
11070,1.452270084,0.276488243,0.946541123,2.149104028,16.73913463,NA,2.282865448,9.184702754,1.905297741,4.327974546,11.84402493,0.667380351,10.14590202
11040,1.403791128,0.248709491,0.918660995,1.987642304,16.33349264,NA,2.237391046,9.162531607,1.913803043,4.207008517,11.49545725,0.701614344,9.803583598
11010,1.37748965,0.234107618,0.906184843,1.918085768,16.15136362,NA,2.166920183,9.076739808,1.911697387,4.143104372,11.32717351,0.719058697,9.579800966
10980,1.365361939,0.228054479,0.899587043,1.885432331,16.06739214,NA,2.132781827,9.027713794,1.908558803,4.113334357,11.2436775,0.725998708,9.471740167
10950,1.362343437,0.226530002,0.89906703,1.880542242,16.05325254,NA,2.12294217,9.010961235,1.907374541,4.107497422,11.22620494,0.72755898,9.448861538
10920,1.35864279,0.233169012,0.89449628,1.878510813,16.05496427,NA,2.102484187,8.852900346,1.876201989,4.101245289,11.16401975,0.716940278,9.386525213
10890,1.35880102,0.237542958,0.891678843,1.879400513,16.06302408,NA,2.095179984,8.784790883,1.861660361,4.10134946,11.14085121,0.710283112,9.366455671
10860,1.354219299,0.240888064,0.889592814,1.876454743,16.05702687,NA,2.086890209,8.659875925,1.835990604,4.093284566,11.09424701,0.704345963,9.313875885
10830,1.364777643,0.232643954,0.894772098,1.88377063,16.07673261,NA,2.095907482,8.988914061,1.909210601,4.116234345,11.192834,0.720220607,9.447971066
10800,1.378760734,0.214532938,0.904851362,1.890956032,16.1149059,NA,2.077130158,9.687346544,2.081734929,4.16230065,11.31989123,0.758221566,9.695015929
10770,1.390878762,0.199535248,0.916913347,1.899009247,16.23551348,NA,2.023328862,10.6467924,2.341546108,4.24192992,11.37068104,0.80814626,10.00222827
10740,1.411361938,0.210978151,0.935346692,1.930670694,16.55749935,NA,1.996606446,11.76649791,2.655582343,4.387360221,11.38984965,0.851014477,10.39060896
10710,1.441909157,0.253080238,0.970209067,1.965258449,17.00713752,NA,1.996474397,12.95398408,3.005409811,4.587896124,11.47062544,0.894577154,10.79603938
10680,1.466405384,0.279888625,0.994563637,2.001293798,17.40361158,NA,1.982392595,14.10781013,3.336184644,4.760166628,11.50125651,0.935702638,11.1914731
10650,1.507206929,0.339079896,1.034532195,2.022759017,17.92209921,NA,1.98902342,15.0850461,3.648614022,4.997605998,11.57442164,0.9651222,11.55794968
10620,1.57477332,0.402693537,1.089012034,2.004197662,18.56141481,NA,2.055109482,15.73877377,3.890072367,5.308089539,11.71390871,0.985237944,11.88452172
10590,1.639913952,0.462662002,1.142496051,1.974512031,19.1551828,NA,2.143443623,16.14464107,4.05948337,5.591786464,11.86566063,0.999831204,12.10926926
10560,1.745025295,0.477707824,1.185226787,1.892454837,19.95046703,NA,2.213629608,16.26624943,4.119594227,5.910621405,12.0390054,1.035859639,12.26267344
10530,1.85188146,0.466746758,1.215997292,1.80156077,20.64221452,NA,2.26706804,16.25527538,4.126147133,6.19248514,12.20883872,1.070678722,12.39754388
10500,1.954063392,0.437145041,1.236281427,1.709851851,21.25997844,NA,2.307185948,16.20664541,4.109801249,6.444107129,12.34130126,1.104454237,12.52532931
10470,2.068566771,0.421484311,1.269310285,1.608796034,22.20125235,NA,2.359965607,16.2615171,4.117201133,6.740782686,12.53088989,1.163136777,12.73502697
10440,2.150241307,0.388603714,1.281255069,1.532584061,23.16347301,NA,2.370089272,16.41296462,4.126786538,6.938152079,12.61281082,1.233098962,12.96238195
10410,2.211143499,0.366322304,1.289073744,1.476824435,24.15173328,NA,2.361730034,16.6459127,4.155235762,7.085922575,12.66558674,1.307727571,13.19648613
10380,2.25829813,0.356080184,1.299800778,1.434356751,25.0482078,NA,2.364283659,16.8926639,4.190775726,7.205784131,12.73678085,1.375088901,13.43274895
10350,2.274499727,0.404938825,1.326110392,1.437167666,25.97961793,NA,2.427179995,17.40459232,4.311557014,7.27145001,13.02621566,1.421213576,13.86175526
10320,2.305598915,0.513396649,1.373000779,1.461178303,27.90773581,NA,2.491502071,18.76251313,4.612200399,7.401014111,13.79798856,1.465635611,14.85432328
10290,2.345003287,0.712496829,1.441495808,1.544532428,29.92028197,NA,2.470742581,20.63800188,5.053006485,7.540482447,14.93108703,1.406520709,16.38068056
10260,2.336302978,0.891309531,1.498896072,1.568451469,30.52596242,NA,2.416107591,21.41643833,5.355100934,7.541884037,15.61740061,1.28042344,17.32207053
10230,2.267547171,0.942631593,1.536107101,1.499423888,30.0071694,NA,2.345444601,21.26478945,5.487273277,7.375467422,15.86883697,1.123981948,17.68843864
10200,2.181878709,0.930810428,1.563509556,1.401531695,29.21152193,NA,2.256073651,20.89717261,5.564629834,7.146713949,15.9558266,0.966828647,17.91206123
10170,2.083951179,0.894382379,1.583094577,1.293515373,28.3781273,NA,2.140391233,20.4003138,5.624704379,6.881881097,15.99445167,0.821274633,18.07796247
10140,1.984564156,0.830164511,1.592766162,1.181053721,27.01675758,NA,1.999309176,19.57985035,5.596444908,6.602769188,15.82017514,0.657139097,17.98710776
10110,1.879512692,0.696871084,1.581276732,1.026950585,24.6483543,NA,1.904102889,17.7407668,5.341792941,6.283722858,15.02409438,0.530034185,17.16806769
10080,1.764776787,0.486913726,1.553825093,0.847868271,22.65760766,NA,1.881690306,15.95753748,5.054120046,5.9659647,14.18788078,0.486035021,16.16830936
10050,1.719547437,0.362869473,1.539784578,0.773315572,21.99154246,NA,1.873849277,15.38940829,4.935420852,5.831656349,13.86660913,0.477594213,15.83013373
10020,1.708051522,0.32641952,1.53418461,0.756811921,21.91029845,NA,1.859318835,15.28560027,4.913480968,5.792291998,13.78336779,0.483846578,15.77459491
9990,1.704815626,0.3208516,1.53220928,0.754490029,21.92141565,NA,1.853265876,15.259049,4.912460394,5.783172339,13.78178645,0.48818201,15.76914123
9960,1.689613434,0.315468768,1.51855984,0.757668867,22.25519674,NA,1.832229316,15.14144382,4.958254583,5.753959199,14.04193542,0.529106334,15.88505968
9930,1.657923047,0.286725403,1.493374884,0.753285164,22.75160887,NA,1.783996554,14.89409285,5.018697781,5.681940995,14.39020574,0.599463367,16.03410043
9900,1.628407227,0.261019429,1.470571568,0.746929535,23.11350795,NA,1.736252053,14.64533677,5.053710577,5.61306738,14.64136978,0.660742002,16.1107154
9870,1.599774138,0.238202624,1.447810732,0.742489684,23.51090963,NA,1.691515594,14.40689579,5.096466695,5.547860068,14.92963999,0.72306271,16.21150406
9840,1.562573476,0.194611308,1.419536806,0.732007217,24.03697901,NA,1.635285672,14.12477963,5.160158646,5.457880227,15.28579441,0.798820989,16.36912719
9810,1.53313764,0.175371916,1.395903575,0.737045207,24.79678629,NA,1.587627262,13.98054049,5.27967401,5.400060384,15.8101706,0.872016843,16.654682
9780,1.515067544,0.16448769,1.381814401,0.748543406,25.66549075,NA,1.556535018,14.02563339,5.445083125,5.37221352,16.39406374,0.931444652,17.02637203
9750,1.542672268,0.168904311,1.404295976,0.771756919,26.83628583,NA,1.590317524,14.75318442,5.75427069,5.44162152,17.0758295,0.965381086,17.68539629
9720,1.592294916,0.177523157,1.442267628,0.804718817,28.48246095,NA,1.658524126,15.86234687,6.191970204,5.557628582,18.02299172,1.01768051,18.67374322
9690,1.641745147,0.185469336,1.478010045,0.839288424,30.2243777,NA,1.724760559,16.96341013,6.645743998,5.6702373,19.04850871,1.078166789,19.70867331
9660,1.720574819,0.198011582,1.529878656,0.880250653,32.28656661,NA,1.831499765,18.40957732,7.176670146,5.830178005,20.22309245,1.154162373,21.02236777
9630,1.854032913,0.213694837,1.601611579,0.92733521,34.71568909,NA,2.009212411,20.4804666,7.750442193,6.056717809,21.39382936,1.255915283,22.733346
9600,2.16350816,0.219419159,1.693451572,1.008436619,38.75926897,NA,2.382701752,25.0594341,8.581657657,6.585290353,22.57173476,1.45376584,25.34683118
9570,2.416676517,0.211557279,1.728804769,1.078014253,41.78037931,NA,2.678175589,29.00136278,9.26941369,7.099868495,23.1938031,1.616140443,26.90463101
9540,2.524429084,0.189768942,1.656047548,1.120335484,42.55056871,NA,2.79435334,31.15839113,9.700904452,7.395779066,22.85070093,1.69775834,27.10504831
9510,2.561606153,0.167448112,1.537662156,1.153675436,42.2773052,NA,2.81617304,32.65153923,9.983371673,7.576104259,22.05920123,1.725824487,26.60542277
9480,2.572804323,0.16329473,1.413177425,1.174145855,41.35668835,NA,2.779985262,33.67540178,10.1017185,7.719491367,20.90876055,1.73507324,25.54928904
9450,2.567119863,0.172718714,1.285054541,1.180481774,39.90635703,NA,2.696132117,34.20030253,10.12091632,7.837079753,19.47340922,1.730372935,24.07455992
9420,2.426924433,0.163961186,1.109283743,1.170170281,37.2511275,NA,2.471763801,33.28606784,9.947878133,7.774031303,17.86887466,1.639880499,21.62269808
9390,2.201692815,0.17597754,0.958368938,1.137351348,33.88422066,NA,2.167413758,30.82456721,9.625823761,7.491978314,16.4961506,1.511240974,19.21189266
9360,2.051758332,0.217199912,0.872848531,1.099876185,31.0105017,NA,1.909728583,28.72008148,9.335540857,7.264136452,15.29279642,1.42152311,17.29323317
9330,2.044461291,0.269093398,0.906528124,1.068111211,29.51927914,NA,1.758740852,27.62155187,9.152203261,7.176364515,14.69322745,1.415960286,16.28469584
9300,2.080329843,0.313919985,0.967851669,1.040694542,28.60357386,NA,1.657766925,26.81702538,9.096470121,7.14411916,14.38538593,1.445578601,15.73912119
9270,2.124521177,0.332603336,1.026915225,1.026605556,28.17745766,NA,1.596156016,26.41459959,9.156027479,7.115186037,14.36528027,1.480882208,15.62249128
9240,2.159463778,0.350528066,1.073049366,1.013950763,27.80642065,NA,1.546943291,26.10655933,9.198587065,7.094987351,14.32230642,1.507272932,15.51078092
9210,2.205487475,0.381905173,1.134767293,0.993711759,27.26568782,NA,1.474933628,25.53401488,9.254612425,7.075936518,14.22796657,1.547274793,15.30068158
9180,2.261882088,0.388325524,1.20205345,0.984998149,27.23645308,NA,1.413023248,25.19027414,9.485485168,7.03046183,14.50911149,1.618062151,15.55020373
9150,2.296291117,0.387115371,1.230192314,0.985812702,27.93924523,NA,1.392683538,25.24340509,9.838498243,6.984755773,15.035818,1.710567174,16.24057911
9120,2.310381324,0.381992972,1.235629391,0.989476968,28.55800496,NA,1.392766,25.34602577,10.08992176,6.962951418,15.42678821,1.769822276,16.77289094
9090,2.31629626,0.405429266,1.21951527,0.989379851,29.87482591,NA,1.406958743,25.61201722,10.57550337,6.920416458,15.92162961,1.887403102,17.90950184
9060,2.287293629,0.409206137,1.19197875,1.023411807,31.216868,NA,1.410997913,25.29549727,11.36799471,6.788850861,15.85297142,1.925657926,19.67348039
9030,2.244624223,0.368791101,1.191590719,1.107257858,32.05473634,NA,1.384403137,24.39657979,12.2613528,6.58728625,15.51222684,1.859486242,21.25688803
9000,2.184766393,0.338274963,1.171169537,1.187383537,32.74393952,NA,1.370715128,23.53905658,13.04372743,6.408023608,14.96497654,1.767710695,22.63300568
8970,2.122845768,0.315418362,1.145165729,1.252560857,33.19018747,NA,1.358821415,22.68734997,13.68449924,6.250158431,14.25250535,1.665199076,23.85778412
8940,2.063151625,0.28001699,1.134373569,1.323763297,33.19519066,NA,1.336627209,21.68342248,14.2063762,6.091462617,13.39375292,1.522342461,24.75226003
8910,1.999245263,0.248256373,1.118381269,1.404656905,33.43542751,NA,1.318896527,20.73856149,14.82414732,5.920530974,12.61561298,1.388224379,25.72704126
8880,1.957701789,0.185336088,1.127409832,1.466593865,32.80533051,NA,1.288639866,19.7459433,15.03735785,5.814865185,11.85434374,1.212010872,25.93154288
8850,1.948193571,0.169917229,1.134120989,1.490238263,32.62181705,NA,1.281512015,19.55363022,15.06670249,5.788320044,11.72435412,1.161986426,25.77040209
8820,1.952114624,0.169739232,1.14366159,1.505550524,32.71017449,NA,1.282323213,19.61256666,15.10786404,5.764156208,11.7409035,1.150002789,25.60039566
8790,1.958449857,0.168384845,1.156662616,1.52861299,32.82915112,NA,1.283530921,19.68835157,15.16956711,5.729608923,11.76537682,1.129860358,25.36532911
8760,1.974978854,0.167722047,1.174615405,1.558964337,33.09176689,NA,1.288941596,19.8719036,15.27323168,5.68154743,11.84402476,1.108526555,25.09063191
8730,1.991008645,0.168368845,1.187674923,1.579127933,33.33191995,NA,1.294662256,20.0448116,15.35692087,5.647834042,11.92635676,1.098309086,24.92063723
8700,2.048981514,0.174878341,1.19899693,1.600987821,34.10265692,NA,1.324256872,20.6511576,15.62810914,5.621753551,12.28920199,1.126096314,25.06345283
8670,2.129816011,0.186382229,1.225077175,1.64016531,35.25869642,NA,1.375139299,21.38443917,16.12431803,5.600919784,12.76468272,1.179593441,25.49188489
8640,2.240680581,0.214165298,1.271258022,1.671003096,36.90352001,NA,1.457915175,22.17975392,16.83864595,5.617198565,13.33906216,1.307448991,26.63577663
8610,2.363088697,0.249236457,1.381878338,1.719049403,38.4848143,NA,1.582403269,22.94502058,17.62132269,5.60618086,13.89630351,1.472584425,28.04659571
8580,2.490004531,0.284631525,1.573725147,1.797091801,39.93993945,NA,1.757908274,23.7671467,18.49534207,5.567099768,14.45957673,1.659191072,29.59393205
8550,2.607930459,0.319667719,1.754768114,1.870423431,41.27678943,NA,1.922201095,24.44183713,19.32958027,5.532075665,14.95574305,1.840067396,31.11279217
8520,2.726532688,0.348879602,1.9768442,1.967925208,42.63974951,NA,2.114239109,25.3780583,20.21731713,5.483601656,15.51116954,2.014762692,32.55428611
8490,2.828031078,0.358397692,2.194808958,2.132033511,43.99254869,NA,2.29321089,26.7830279,21.01868489,5.425626156,16.01953149,2.156083445,33.63594947
8460,2.971054812,0.347237759,2.328781393,2.338207902,45.77193158,NA,2.429450492,28.19913727,21.35962457,5.409727876,16.40174744,2.260390643,34.42235402
8430,3.198099963,0.329565324,2.417484705,2.465897337,47.11554021,NA,2.533683533,28.28311999,21.19685477,5.508261291,16.34780832,2.292744898,35.5400315
8400,3.456818695,0.306257498,2.428966077,2.497734668,47.49099364,NA,2.542088692,27.81058245,20.62982282,5.648709307,16.03850893,2.262017789,36.98086449
8370,3.722001861,0.282306501,2.425848162,2.495238087,47.38598174,NA,2.53919454,27.06801197,19.83365995,5.791645317,15.57423083,2.208344359,38.44772718
8340,3.987060688,0.25711332,2.434960294,2.498395194,47.28346326,NA,2.551413312,26.37108206,19.0240112,5.933796887,15.10803194,2.153300036,39.84063574
8310,4.236023674,0.240579174,2.375313028,2.465767083,47.14043833,NA,2.494342201,25.15952185,18.18169037,6.088663177,14.51923513,2.100784693,41.3401358
8280,4.44710666,0.236658899,2.370165132,2.355509377,46.12213883,NA,2.463445908,22.97179198,17.24771949,6.226589676,13.67292757,2.023435719,42.70904892
8250,4.530154159,0.224458188,2.456292766,2.392843276,44.67342762,NA,2.448640931,21.8885478,16.54028469,6.363868087,12.93338334,1.937820668,42.77748721
8220,4.479590218,0.197325739,2.596065919,2.819806375,44.15714523,NA,2.443473172,22.46672765,16.1998858,6.58126228,12.49767374,1.884680114,41.74668105
8190,4.392097963,0.168660961,2.700540113,3.280450969,44.58017496,NA,2.453374924,23.4149953,16.12258428,6.82404385,12.26846278,1.848936098,40.25580692
8160,4.303488633,0.142173193,2.772042541,3.693095301,45.19316093,NA,2.437769475,24.34157105,16.14743883,7.052552949,12.10931353,1.819355593,38.78890426
8130,4.22296583,0.117226779,2.83588313,4.021924406,45.70482618,NA,2.428972372,25.13832831,16.14274659,7.24822467,11.94349056,1.787809461,37.27773817
8100,4.140291913,0.098618652,3.1089626,4.905488886,46.62755309,NA,2.476248338,26.57555199,16.18383493,7.526807999,11.87224231,1.768965476,36.04027958
8070,4.077351558,0.120311195,3.779359958,6.538431797,48.69587252,NA,2.589123934,28.91105307,16.69622457,7.831547309,12.18382518,1.773173635,35.38616077
8040,4.063220491,0.168386733,4.587870333,8.073337963,50.85379856,NA,2.748272322,30.78887086,17.24938632,7.937611249,12.65750079,1.782315793,35.87135016
8010,4.035788674,0.214502417,5.405838651,9.492164251,53.20053541,NA,2.944357011,32.19142268,17.52847984,7.891395098,13.13245503,1.780545141,36.4362138
7980,3.986557765,0.250354073,5.987835073,10.8031143,55.20314293,NA,3.088094808,33.15205337,17.53636772,7.852600766,13.59087417,1.786212785,36.47475939
7950,3.927267326,0.288302573,6.669213609,12.29908342,57.48759123,NA,3.281535312,34.46629929,17.60468257,7.844727807,14.0178018,1.787455256,36.82423632
7920,3.871875325,0.317969285,7.23295929,13.63346555,59.47547907,NA,3.398975246,35.39444517,17.60554484,7.83470488,14.48887614,1.794958245,36.72474963
7890,3.819361209,0.318050551,7.489334153,14.12024661,60.69338721,NA,3.42260798,35.06142496,17.42041813,7.696798284,14.80377473,1.779166814,35.9285037
7860,3.749051171,0.288462143,7.448421811,14.21204031,61.29132212,NA,3.383608617,34.03259949,16.99923804,7.530694901,14.92976846,1.756310431,34.90137888
7830,3.694102659,0.261506017,7.261745415,14.36113,61.58157765,NA,3.330899405,32.8534275,16.73786426,7.388526816,15.09723803,1.749036613,33.65496059
7800,3.666913226,0.257869731,7.274091877,14.86355516,62.14819539,NA,3.314731607,32.20840726,16.91029988,7.260506918,15.32661095,1.741771497,32.71806279
7770,3.638904579,0.278131384,7.443434277,15.80936491,63.21615473,NA,3.346155375,32.08791451,17.30905207,7.123620688,15.56016649,1.731555924,31.97665493
7740,3.611600226,0.374048287,7.653317717,17.56890504,65.12934269,NA,3.366661167,32.77904843,17.89849529,7.016088467,15.5821747,1.755781329,31.00437868
7710,3.594899101,0.520004106,8.001823394,19.57571081,67.46899236,NA,3.426994463,34.06620973,18.56624949,6.94878307,15.29158906,1.798728885,30.31261411
7680,3.601320504,0.674783931,8.468929254,21.43975481,69.79592943,NA,3.488775912,35.39796348,19.2187633,6.930137349,14.7770474,1.858954564,29.56150185
7650,3.654787257,0.793836083,8.965104521,22.77914546,72.04284607,NA,3.486382321,36.75437743,19.75408126,6.982787755,13.99344739,1.98178238,28.67110774
7620,3.710576449,0.890495661,9.098591155,23.26120128,73.94477193,NA,3.360122836,37.88531453,20.07296942,7.046623503,13.17290362,2.184387434,27.79220759
7590,3.787418765,0.963099797,9.258753751,23.61969082,75.7164113,NA,3.215199102,38.96021554,20.32143684,7.135148255,12.31156916,2.387834081,26.94163481
7560,3.846513477,1.031375648,9.115058068,22.84865615,76.71943276,NA,3.024382201,39.22267746,20.34586082,7.210134074,11.56627534,2.577684887,26.20591831
7530,3.881499093,1.020117952,8.767258462,21.33486463,77.20456639,NA,2.866475233,38.78329434,20.16037891,7.22913864,11.18520213,2.707204863,25.61676627
7500,3.900000617,0.963159362,8.199625291,19.83154112,78.31349499,NA,2.731920965,38.11222208,19.99519245,7.169645329,10.86031044,2.767558335,24.77421413
7470,3.866142495,0.859212658,7.120647493,18.58578484,80.50510996,NA,2.602429199,37.05087823,19.88035402,6.967403358,10.60627219,2.712461046,23.4381275
7440,3.81656959,0.80049615,6.213317994,17.77845968,82.17162572,NA,2.576879576,36.38583685,19.7843263,6.764506389,10.5692206,2.578363429,22.59208017
7410,3.765221008,0.749092232,5.438491713,17.33254114,84.14995415,NA,2.597248825,35.62170527,19.7868341,6.568520495,10.48538028,2.401692858,21.60092532
7380,3.698470943,0.67787624,4.60758055,17.80801381,87.78268133,NA,2.63423322,34.49588177,19.79804371,6.394924503,10.28155773,2.235489342,20.33618568
7350,3.651076703,0.571340031,3.984111909,19.5497328,92.38200463,NA,2.699220903,33.56120896,19.78272192,6.259522597,9.961734977,2.085472579,19.12101051
7320,3.614068961,0.436327709,3.538209914,24.18725705,99.21152553,NA,2.707299537,32.79514854,19.39841052,6.191121941,9.506504679,1.947853711,18.35130104
7290,3.590490298,0.347407983,3.458599628,29.68129683,105.7187047,NA,2.679212886,32.43795468,18.76501924,6.255828157,9.155717083,1.904808918,18.36649561
7260,3.570284913,0.285809632,3.45526406,34.47352068,110.7919192,NA,2.679883791,32.40197676,18.26554739,6.355373844,8.896414742,1.910334598,18.6814702
7230,3.521438448,0.227399934,3.439580303,38.47050505,117.0833171,NA,2.612389024,31.88812722,17.44649266,6.443535583,8.747977196,1.92179656,18.47245471
7200,3.46089926,0.181285304,3.466768627,40.94363018,122.9305478,NA,2.526545189,31.56442496,16.35657799,6.510122633,8.852152853,1.939578689,18.28716783
7170,3.419783504,0.152985652,3.590860723,43.41611053,127.4642119,NA,2.410006372,31.34557198,15.23490744,6.571731737,8.943600485,1.946994217,18.36054978
7140,3.378629862,0.142754169,3.697818617,44.36429575,130.7883133,NA,2.283145282,30.98941909,14.28120827,6.600124578,9.109145351,1.95489618,18.22019189
7110,3.331514855,0.159114061,3.676804409,42.43275257,131.501547,NA,2.221570047,30.51745261,13.73303736,6.57317813,9.376900832,1.966875527,17.7231751
7080,3.285007359,0.173364048,3.64173024,39.784729,132.0251671,NA,2.164371359,30.19373975,13.25123065,6.532138742,9.724813166,1.982402302,17.12315312
7050,3.26052229,0.174354967,3.64818653,36.74780082,132.598731,NA,2.157830978,30.17733817,12.85568344,6.492298784,10.12886951,2.004773582,16.41976319
7020,3.283338719,0.163547679,3.674454664,34.7948717,131.7590335,NA,2.26514958,30.45367371,12.93224534,6.485626639,10.30729173,2.022792431,16.10132309
6990,3.329532681,0.145063382,3.749840479,32.62069405,130.1946139,NA,2.407084868,30.86514142,13.19141274,6.504187986,10.49241578,2.041434291,15.86343496
6960,3.37880173,0.129128498,3.846548938,29.70179543,127.8578188,NA,2.543225286,31.40093668,13.59056995,6.533782091,10.77522692,2.055511739,15.62383623
6930,3.440338048,0.117771381,4.000222263,27.08803995,125.0172808,NA,2.66773289,31.97838854,14.11094357,6.596750765,11.03907458,2.059660409,15.47225836
6900,3.511071165,0.115581622,4.19659678,24.60987247,122.0681977,NA,2.752891579,32.68123363,14.67424884,6.66920828,11.30887168,2.060321049,15.32853061
6870,3.577489129,0.121340604,4.431161384,23.27276368,119.696239,NA,2.825567197,33.16966586,15.06212036,6.757588835,11.47535099,2.054278396,15.32024513
6840,3.638392949,0.152481192,4.769323323,23.24836478,118.4311939,NA,2.822007419,33.79588095,15.19321899,6.83870967,11.61479904,2.034505891,15.41197626
6810,3.678174461,0.185408413,5.16093197,24.94277919,118.4421443,NA,2.809806848,34.72924096,15.1505606,6.897619532,11.77685954,1.989228962,15.5583427
6780,3.70498986,0.213616594,5.621097292,28.2996623,119.6020443,NA,2.822754209,36.01609057,14.97089159,6.943903888,11.97803356,1.920497435,15.73386398
6750,3.723103762,0.235790561,6.022404736,32.05141884,121.8212859,NA,2.829440506,37.28308158,14.66199199,6.959040676,12.14135628,1.859353495,15.80057042
6720,3.727341235,0.237086347,6.363462043,37.83869771,126.2665414,NA,2.78348303,38.69685129,14.39635019,7.000132965,12.2356111,1.776426445,15.67226443
6690,3.709284912,0.22867277,6.671708613,42.80045101,130.8702545,NA,2.731141959,40.14840019,14.12628171,7.085632787,12.25781924,1.705057173,15.36740708
6660,3.676780406,0.209339663,6.920652461,47.09504922,134.9455005,NA,2.678318976,41.42892145,13.95630585,7.190360799,12.25216583,1.641690009,15.05902749
6630,3.621840605,0.178654134,7.11212892,50.63028984,138.5018644,NA,2.626882436,42.58986582,13.9045918,7.313716306,12.21871264,1.593787923,14.77066341
6600,3.540210844,0.151319456,7.219006028,51.69523823,141.0299725,NA,2.535957877,43.64615992,14.00927229,7.459868928,12.09229777,1.599514159,14.40281501
6570,3.440708716,0.124641718,7.299694669,52.12858027,143.3213776,NA,2.441036082,45.04016077,14.18739072,7.63207145,11.99073021,1.639494669,14.02684478
6540,3.300892962,0.102281435,7.400730372,51.04649661,144.6493622,NA,2.403093568,47.3935809,14.40236048,7.860771731,12.03115014,1.764178448,13.73493693
6510,3.171318192,0.093550647,7.608228243,48.66881894,144.5632549,NA,2.452336993,49.99973843,14.67364964,8.100526303,12.21598326,1.945154255,13.70803449
6480,3.077159521,0.096725155,7.909722255,47.1724462,144.8292701,NA,2.537646241,52.75159374,15.11460889,8.35761821,12.53274914,2.128395125,13.87523038
6450,3.040542932,0.134636803,8.485699212,45.61276287,146.3115182,NA,2.725320116,56.00630962,15.92287422,8.742165399,13.08383179,2.333470825,14.2007831
6420,3.031580942,0.170848647,8.971208426,44.59348457,147.3424723,NA,2.897910123,58.80671384,16.71439719,9.093292481,13.60286591,2.489388087,14.53105795
6390,3.058164468,0.218387615,9.509935267,43.9774991,149.4500769,NA,3.080342239,61.73292388,17.61263991,9.450275391,14.22781355,2.678179008,14.8863595
6360,3.19450584,0.282033507,10.43947821,43.0742032,156.5398768,NA,3.234306453,64.49332043,18.79562562,9.773550978,14.93020108,2.893368434,15.21040275
6330,3.410328951,0.350501,11.36507274,40.61827632,161.2102887,NA,3.300880731,64.96449469,19.44187473,10.01444678,15.11932102,2.960573377,15.14062974
6300,3.615852721,0.41383605,12.28392235,38.84911256,168.0010633,NA,3.414816519,65.53146326,20.18096596,10.20644498,15.40238584,2.999530468,15.16062451
6270,3.788180547,0.456165383,12.93691383,36.30028908,170.9619637,NA,3.382630327,64.91079701,20.25358348,10.28259023,15.28914526,3.016208173,14.84711288
6240,3.924926458,0.463709016,13.39106482,32.55487379,169.539675,NA,3.176311199,63.1870764,19.70193372,10.27868634,14.78122356,3.064836146,14.23933223
6210,4.060597163,0.476427551,13.86314135,29.02299665,168.692116,NA,2.98514411,61.51020533,19.1751632,10.26156982,14.31090844,3.115274725,13.63065745
6180,4.181409459,0.473844807,14.1402682,25.15434925,165.2891156,NA,2.76441593,59.41738247,18.46326583,10.25425348,13.66340226,3.092384841,13.03645113
6150,4.217061115,0.459767745,14.0644973,22.36965436,158.121539,NA,2.566887475,57.30317029,17.58656431,10.2435826,13.04161741,3.08416386,12.555195
6120,4.208539891,0.442319522,14.02310114,20.76492047,152.9878053,NA,2.42879988,55.94516117,17.00349698,10.21502265,12.68554412,3.125320884,12.25262032
6090,4.211891855,0.428658239,13.90589111,18.64528779,146.048487,NA,2.235893734,54.19324251,16.18010416,10.18175522,12.17878862,3.151300022,11.83636166
6060,4.306080944,0.437525408,13.90027936,17.67254303,147.8018613,NA,2.12770486,55.31731408,16.36529301,10.3245728,12.3617097,3.241310544,12.24830075
6030,4.416165087,0.459704099,13.88248749,17.40916568,152.2887375,NA,2.073370364,57.12625916,16.79863509,10.47887928,12.72776719,3.297266103,12.86431631
6000,4.551683014,0.488945971,13.95115659,17.0410279,158.9060297,NA,1.983618851,59.5913508,17.39065052,10.68788033,13.27581421,3.452430564,13.59186415
5970,4.585285933,0.505426709,14.11534589,17.21293558,166.5297179,NA,1.924956386,60.6764239,17.87745712,10.91280427,13.90044991,3.653111707,13.87897393
5940,4.548968025,0.51554666,14.25763184,17.09889339,175.0120556,NA,1.853133955,60.59790295,18.56049053,11.22908096,14.46088182,3.974585103,13.87676847
5910,4.492234143,0.523650705,14.41482825,16.84633932,184.2595037,NA,1.772070598,60.54978289,19.32127037,11.57697586,15.01066616,4.347862465,13.85725964
5880,4.469097956,0.526990476,14.57630016,16.85579843,191.2582672,NA,1.712131369,60.40055695,19.83087363,11.85132428,15.54670667,4.58855244,13.85364548
5850,4.369614948,0.508764091,14.74992213,17.10913437,193.7389694,NA,1.702931401,58.93704405,19.87664112,11.99044774,15.76750708,4.730216655,13.39751109
5820,4.198950124,0.4891878,14.95072462,17.24169081,198.679955,NA,1.692048115,56.95694985,20.12525874,12.1602551,15.95268776,5.002789361,12.77276576
5790,3.931956821,0.437801291,15.19438382,17.13792234,206.545644,NA,1.754140627,54.26858709,20.3231268,12.35969302,15.89945521,5.215966964,12.0992204
5760,3.765248867,0.403461924,15.44602651,17.16668877,217.2041097,NA,1.850661721,53.62929739,20.56153933,12.50194383,15.94227846,5.312502289,12.03242414
5730,3.672591077,0.381366332,15.88291307,17.43101504,232.690989,NA,2.016004781,54.391604,20.68404926,12.7051502,16.18560669,5.298190796,12.54482852
5700,3.592950169,0.370444185,16.49486655,17.78593531,255.3183521,NA,2.265271209,55.75006381,20.79541279,13.00942621,16.59333628,5.265665576,13.47219847
5670,3.487781462,0.366442195,17.82753447,18.28697059,287.422288,NA,2.574723122,57.54308842,21.27774129,13.55401202,17.03555681,5.338634484,14.91589444
5640,3.471290583,0.377178616,19.51938448,18.99713607,312.2289029,NA,2.743345531,59.11370429,21.55606144,13.85496718,17.41506494,5.268135015,16.45890718
5610,3.567932944,0.404570716,20.91051676,19.73833512,326.9748818,NA,2.826693604,60.69054308,21.42583268,13.95964986,17.75955965,5.010710689,17.90167338
5580,3.702515549,0.433899656,22.38060238,20.45384885,342.1997679,NA,2.912760434,62.60795331,21.50165849,14.08583725,18.14122254,4.825255758,19.49918782
5550,3.858073752,0.479982699,23.79770689,21.16227306,351.7305064,NA,2.943142003,64.23313832,21.37072602,14.16745326,18.40549988,4.60767836,20.88053297
5520,4.001805338,0.525037821,25.48592274,21.95529032,338.1861802,NA,2.796566056,65.12211166,20.66354851,14.15416571,18.32622759,4.305760833,21.06746058
5490,4.1009392,0.548971206,28.04159146,22.95568966,322.6463627,NA,2.695536359,66.8916603,19.89942291,14.28531489,18.34246859,3.978796192,21.08178473
5460,4.180758475,0.586307032,28.33270728,23.21626295,295.1378983,NA,2.437003419,66.05665664,18.86673594,13.97408309,18.03800847,3.727635291,20.07106288
5430,4.223896406,0.618939128,28.48803911,23.39093381,283.7820512,NA,2.353302208,65.83020896,18.35076369,13.96372215,17.8425056,3.631128034,19.66290012
5400,4.21999907,0.63081466,29.73615469,23.77920757,271.9237772,NA,2.311388772,66.48312448,17.79669936,14.11825526,17.73407527,3.509448458,19.16477208
5370,4.092826931,0.588572904,32.27478485,24.20666668,250.5514291,NA,2.192679206,67.41792124,16.80328781,14.50042051,17.5776849,3.320955902,18.09735899
5340,3.931674769,0.500132356,33.4636912,24.32510218,235.3146994,NA,2.135117382,67.9637422,15.99480395,14.96566874,17.52950117,3.295790635,17.16084685
5310,3.813534931,0.42195378,33.39376087,24.05746847,225.6964418,NA,2.034878654,67.40126216,15.51437179,15.24730005,17.39878069,3.386820434,16.53345698
5280,3.703039361,0.343843618,33.46254468,23.82834979,216.346724,NA,1.932803452,67.02356867,15.08096283,15.54842408,17.25772984,3.503096637,15.95771694
5250,3.531074156,0.24337208,34.36155625,23.78988669,207.6731936,NA,1.905526623,67.48021883,14.59588319,15.96641675,17.27033044,3.544288915,15.28731609
5220,3.339176523,0.140103636,35.65444836,23.88336557,200.3322382,NA,1.903292302,68.21307581,14.11765616,16.41722104,17.33895173,3.534475069,14.66022498
5190,3.260479296,0.083740275,34.62012494,23.54506021,191.0587864,NA,1.82112873,67.23215708,13.59471956,16.56959166,17.21370849,3.59266369,14.05938819
5160,3.26488512,0.079235703,33.71568424,23.35474645,187.9222594,NA,1.802043067,66.65512164,13.42315333,16.53702255,17.15997514,3.612139901,13.86812722
5130,3.268646524,0.079818703,33.77864658,23.41711831,188.4911282,NA,1.803902371,66.78260974,13.45354923,16.54080734,17.16337691,3.607612021,13.91220657
5100,3.35326081,0.079971838,34.28347247,24.04414771,188.9525358,NA,1.789224996,68.23412988,13.63321842,16.74525662,17.17045698,3.682563429,14.14482682
5070,3.42516162,0.079976643,34.73357058,24.57617648,189.2348685,NA,1.776575122,69.48473121,13.78008498,16.91913664,17.17362318,3.755720457,14.34221854
5040,3.588639199,0.079107578,35.31942265,25.73248767,189.2252503,NA,1.750890012,72.26244696,14.15706349,17.33237532,17.22097913,3.881728366,14.71271419
5010,3.838395169,0.079123714,35.88711926,27.59391136,190.7886253,NA,1.730241412,76.78935184,14.88798497,17.95384169,17.3546134,4.004355784,15.32185451
4980,4.059554276,0.080025912,36.62812797,29.26975425,192.8217035,NA,1.70499775,80.74765066,15.52849425,18.51177164,17.46343418,4.101467999,15.91943345
4950,4.33490447,0.081427997,37.39415459,31.46883304,196.2817987,NA,1.720356102,86.29158093,16.42934293,19.21948969,17.63950421,4.230036244,16.70021663
4920,4.811293945,0.103153281,38.78192981,35.37036814,209.5234394,NA,1.888870716,96.16059049,17.72208677,20.36300195,17.8825358,4.340541944,18.60553315
4890,5.363979505,0.179333303,38.92803692,36.68252322,216.5378981,NA,1.985199454,99.24726231,17.83035728,21.01434167,17.64144704,4.329309544,19.84695508
4860,5.969187535,0.262866884,38.0289285,36.47346434,220.2811102,NA,2.080304116,100.0841106,17.49878254,21.16968234,17.39424258,4.263403219,20.64469794
4830,6.450940277,0.344920377,37.22196565,35.63700535,222.0102505,NA,2.177061096,99.0507615,16.80022935,21.1860023,17.02258191,4.226425117,21.18797983
4800,6.883903444,0.430689535,37.00403645,35.31001946,223.9638658,NA,2.274441367,98.21634687,16.20997985,21.44611207,16.56077117,4.210727469,21.84635088
4770,7.337516038,0.517130894,36.21748556,34.35097128,224.6636475,NA,2.366005499,96.62229943,15.49452698,21.42005998,16.14259691,4.165003636,22.32068746
4740,7.682022987,0.599411503,35.20330923,32.23609486,220.355778,NA,2.351427394,91.63250287,14.24680854,21.10814417,15.58399016,4.095653028,22.25584266
4710,7.778973474,0.647027769,33.40276499,28.88160042,210.6751447,NA,2.286626542,84.41517022,13.08419454,20.29720871,15.21255383,3.972358376,21.24198449
4680,7.812864366,0.642849847,32.67369687,27.95544136,210.0306315,NA,2.302759674,83.57504712,12.77958933,19.95357273,15.29274049,3.965186442,21.01702202
4650,7.838723311,0.642096379,32.63737747,27.8922571,211.724375,NA,2.332285247,83.96211095,12.68870365,19.95906066,15.36994481,4.000757792,21.10160464
4620,7.915896947,0.638858613,31.94333747,26.9637114,214.5379763,NA,2.397831551,83.95898755,12.24610982,19.64767648,15.60187328,4.06510448,21.08064794
4590,7.976078513,0.670390552,31.89418609,26.66150879,222.9177592,NA,2.517009041,85.74016006,11.76704773,19.47218887,16.10182059,4.346998517,21.1201027
4560,7.987169441,0.735830688,33.04301145,27.65489536,236.3705864,NA,2.691838345,89.69394042,11.49904567,19.72002154,16.76291921,4.826954753,21.38456335
4530,8.05721238,0.776597555,33.4269133,27.88451586,247.2680417,NA,2.819703447,92.43662403,11.12157811,19.78960212,17.2884932,5.164006329,21.62013382
4500,8.014358276,0.837269089,34.83151058,29.23831055,260.425683,NA,3.012913439,96.56925046,10.91280225,20.14520222,18.03228892,5.674303605,21.82639971
4470,7.813984374,0.825804048,35.90960858,31.11194041,267.7023676,NA,3.221626598,99.09927815,10.69950427,20.67567658,19.14224365,6.200473114,NA
4440,7.570388932,0.793137134,36.68652068,32.93298279,271.0509153,NA,3.391372827,100.4794142,10.54057279,21.16733737,20.22256286,6.662588927,NA
4410,7.31760999,0.748524474,37.31113999,34.61225396,272.3974308,NA,3.541894301,101.2023706,10.40129483,21.62487777,21.25468282,7.057731869,NA
4380,7.112177713,0.655790488,36.88274319,35.29539715,267.0826049,NA,3.612228833,99.77754695,10.26067361,21.82709649,21.92640518,7.169097474,NA
4350,6.90882963,0.542280897,36.37673326,35.78635005,260.7591058,NA,3.690368778,97.70056591,10.06490308,22.05779669,22.65839564,7.200276893,NA
4320,6.695546335,0.434598702,36.15792535,36.36963206,255.9768547,NA,3.777584017,95.90895332,9.87286004,22.3416323,23.49292121,7.251652547,NA
4290,6.636549106,0.333335107,35.92312408,35.83105373,253.5045539,NA,3.75498632,93.54603682,9.710142947,22.58141597,24.1415448,7.043873276,NA
4260,6.671143978,0.305875633,36.27620775,35.25318422,255.9704789,NA,3.728189617,92.86216658,9.63765621,22.72883476,24.40773973,6.853329453,NA
4230,6.70872808,0.287542485,36.83952155,34.57418648,259.2426238,NA,3.692261542,92.49653425,9.597818173,22.89433118,24.74947909,6.682567211,NA
4200,6.755476089,0.290665708,37.83202282,33.56316939,263.732474,NA,3.632489399,92.80411976,9.620585485,23.10722928,25.31708046,6.577465736,NA
4170,6.803795214,0.292707137,38.79313848,32.61217377,268.2663423,NA,3.579569522,93.09254172,9.662002494,23.31453729,25.87620668,6.481929488,NA
4140,6.917533844,0.318168133,39.91777991,31.46664623,275.3791433,NA,3.566753177,94.37778871,9.867080032,23.53272462,26.6300159,6.595987125,NA
4110,7.013498438,0.347439543,40.79555501,30.50308262,280.4094921,NA,3.561232148,95.6186324,10.05251476,23.69499756,27.2718426,6.769032344,NA
4080,7.074909472,0.377663926,41.32802848,29.75595132,282.2761113,NA,3.553104037,96.59619339,10.15080159,23.78165766,27.72362729,6.97053609,NA
4050,7.223139917,0.407657859,41.91073382,29.12737245,288.9070689,NA,3.613138956,98.1532661,10.40059724,23.99014102,28.31117229,7.188866442,NA
4020,7.427720297,0.425759741,41.99350155,29.08975612,297.7378293,NA,3.743300438,99.57678407,10.60553316,24.26296135,28.65278235,7.354927851,NA
3990,7.640210967,0.43811656,41.7991417,29.32278179,306.6044218,NA,3.892288701,100.739044,10.75486417,24.53810848,28.83704544,7.501981782,NA
3960,7.866922032,0.460275536,41.0860088,30.31885948,316.8021889,NA,4.057567556,101.3922289,10.7907301,24.90565495,28.67573152,7.651415427,NA
3930,8.046734092,0.483395451,39.94597881,32.06489211,325.5153956,NA,4.183555764,101.0755677,10.66624682,25.27529879,28.10626981,7.770253923,NA
3900,8.306719244,0.488309425,38.71784575,33.98169226,333.9005165,NA,4.311462038,99.76731456,10.42495732,25.66134888,27.31554163,8.021915129,NA
3870,8.582970558,0.482456745,37.55478297,35.68528232,340.0453042,NA,4.406181511,97.8306746,10.0201557,26.03048738,26.36234525,8.324873596,NA
3840,8.74565923,0.481581319,36.51853901,37.32780923,341.9805461,NA,4.406184629,95.4406862,9.579537197,26.24662473,25.43494706,8.596522159,NA
3810,8.890249569,0.478698741,35.54079868,38.83879061,342.5840988,NA,4.386642929,92.87159353,9.120109921,26.42054194,24.50719807,8.879227372,NA
3780,9.009689767,0.465093667,34.87823441,39.44920487,339.5372623,NA,4.360798075,90.15669745,8.62052552,26.49809172,23.61744063,9.210334602,NA
3750,9.055785249,0.461462369,35.17104413,38.57553112,332.6926501,NA,4.359238052,87.90986513,8.255848531,26.30663831,22.87765294,9.497445367,NA
3720,9.081089394,0.457809872,35.70383453,37.25357441,325.5672625,NA,4.375590318,86.23830547,7.930938829,26.07682292,22.31273913,9.717791725,NA
3690,9.023896257,0.502672373,36.4857998,35.71276122,321.4685353,NA,4.402111828,86.03436944,8.057085622,25.92287886,22.00031642,9.818467458,NA
3660,8.965235127,0.550361341,37.34103639,34.02929951,317.3374685,NA,4.429965245,85.99517746,8.196969605,25.80789786,21.70714761,9.92540522,NA
3630,8.947300414,0.581209178,38.90776044,32.50543248,315.6810506,NA,4.491163795,87.60416237,8.602778295,25.92641636,21.78701717,10.09863705,NA
3600,8.941388435,0.605781314,40.75158364,31.15698374,315.1276154,NA,4.549440864,89.85239172,9.142674767,26.10358108,21.97032619,10.30072097,NA
3570,8.926418257,0.634502167,42.44465473,30.58255945,317.3639634,NA,4.582535049,92.37127087,9.866439353,26.34172349,22.16453845,10.44890225,NA
3540,9.016581576,0.645873895,44.90131555,30.57405855,323.705277,NA,4.617152212,96.65687303,11.74343812,26.75643741,23.22571133,10.77879913,NA
3510,9.123385839,0.698124418,47.85765327,30.51066474,332.7355256,NA,4.874680292,102.28639,14.35659472,27.34685781,24.91999532,11.20466123,NA
3480,9.248082906,0.738261406,50.63174538,30.66121154,342.0649671,NA,5.203891684,107.9560487,16.8802144,27.90882357,26.80717105,11.63226702,NA
3450,9.316195403,0.796992558,52.54814904,30.29571651,352.5496884,NA,5.638367978,113.6728781,18.80780495,28.2606367,28.731195,11.94405099,NA
3420,9.290212168,0.912341082,52.43107609,NA,359.4637374,NA,5.908096867,117.1048774,19.66070708,28.14496282,29.97915723,11.9252035,NA
3390,9.24093789,1.05790211,51.4165732,NA,360.4675639,NA,5.998742328,119.3130303,20.07148367,27.83980231,31.15996621,11.74361942,NA
3360,9.182486697,1.195566439,50.20316165,NA,362.6622638,NA,6.116544641,121.0731879,20.14366757,27.5696829,32.12390426,11.51280146,NA
3330,9.0662917,1.320663819,47.88069577,NA,361.7252598,NA,6.119819625,120.9212283,18.90723566,27.22044914,32.34235189,11.06160681,NA
3300,8.906754497,1.403687353,44.74356268,NA,353.9985413,NA,5.91090706,119.6209452,16.93313372,26.65059817,32.00607755,10.50868751,NA
3270,8.723223815,1.461109043,41.64800425,NA,343.5581826,NA,5.698407186,119.0891329,14.94639949,26.17459554,31.61587887,9.992629567,NA
3240,8.573888191,1.480980604,39.4725371,NA,330.7183469,NA,5.469586958,118.4429765,13.57666282,25.88879735,31.14279484,9.65353377,NA
3210,8.446295175,1.422709526,38.47596044,NA,320.7070576,NA,5.581415517,118.8396745,12.77413394,25.84727316,30.75357277,9.626348399,NA
3180,8.348514676,1.342081591,38.1106484,NA,315.3157092,NA,5.809888603,120.0468165,12.30790062,25.92497932,30.47056534,9.716531932,NA
3150,8.228157158,1.266969457,37.23979137,NA,306.0013289,NA,5.990656515,120.6352505,11.54930213,25.95843065,30.06451541,9.743226565,NA
3120,8.161113604,1.157913065,36.78833315,NA,301.3734373,NA,6.29384054,121.7720872,10.96647496,26.28704528,29.57095562,9.901783978,NA
3090,8.147556988,1.055929414,36.66812403,NA,300.8842853,NA,6.592290444,122.6506795,10.59983701,26.62884242,29.08188813,10.08278928,NA
3060,8.223614145,0.969838136,36.47589862,NA,303.2050148,NA,6.879459761,123.2618616,10.27818209,27.0775116,28.64612406,10.24109574,NA
3030,8.431532392,0.913396803,36.02842594,NA,307.662152,NA,7.126064029,124.5428253,9.983299963,27.68857058,28.53983107,10.37246461,NA
3000,8.81260305,0.87521199,35.22485291,NA,313.8863426,NA,7.367850198,127.3770622,9.703207997,28.45617511,28.91246635,10.50196522,NA
2970,9.226049765,0.833804041,34.38879432,NA,320.3066907,NA,7.624614086,130.5308446,9.429256565,29.26424111,29.35382352,10.64646429,NA
2940,9.724264181,0.797217999,33.61703612,NA,325.5086826,NA,7.903895089,134.9900575,9.214106532,30.15898492,30.18718429,10.79397637,NA
2910,10.31500112,0.797451966,33.06199153,NA,327.2709849,NA,8.320220014,142.2490674,9.070688003,31.34998767,31.68072129,11.05683077,NA
2880,10.89398969,0.793282272,32.48818125,NA,328.4157741,NA,8.716211366,148.9483672,8.904681343,32.45743979,33.13855472,11.2846016,NA
2850,11.41520367,0.819792458,32.41447717,NA,327.9907239,NA,9.234908363,158.682752,8.98359359,33.75677541,34.8038633,11.78393929,NA
2820,11.71907426,0.84105374,34.88968385,NA,325.5440086,NA,10.05148358,178.4878102,9.752964288,35.9909782,36.56729205,14.35317836,NA
2790,11.65330709,0.801933572,37.64949748,NA,310.7742928,NA,10.65329886,188.8313316,NA,37.35044057,36.81758417,17.21776302,NA
2760,11.52601705,0.762379782,37.29368956,NA,286.9889968,NA,11.12412907,188.7697447,NA,37.95415029,36.0794421,18.30089348,NA
2730,11.30890615,0.74364005,35.96439264,NA,263.7783731,NA,11.56025275,185.2523738,NA,38.24137312,34.75318877,19.0577471,NA
2700,10.94606352,0.684865888,35.9189365,NA,244.1492281,NA,11.76430282,181.8547194,NA,38.17347585,33.23537277,20.09066552,NA
2670,10.61329383,0.641376224,35.27499102,NA,223.6660487,NA,12.03231934,177.9585917,NA,38.16173475,31.67462568,20.97232041,NA
2640,10.21519057,0.542419214,34.84078917,NA,203.7012314,NA,11.9486531,168.3214688,NA,37.40179281,29.75571344,21.47928926,NA
2610,9.952199172,0.49019017,32.18189642,NA,186.8809183,NA,11.6127237,151.3087413,NA,35.91738308,27.96869413,19.55053415,NA
2580,9.941153312,0.493112751,NA,NA,181.922033,NA,11.56721937,145.7473024,NA,35.56159548,27.46604334,18.52184346,NA
2550,10.04524083,0.527252553,NA,NA,182.8652808,NA,11.78561337,145.4915346,NA,35.72748582,27.45861409,18.40245283,NA
2520,10.21423126,0.584859062,NA,NA,184.5179393,NA,12.14444984,145.2108751,NA,35.99985037,27.44307309,18.21107187,NA
2490,10.47279141,0.674743771,NA,NA,186.0545065,NA,12.67514099,143.7307917,NA,36.37879053,27.29092076,17.71446713,NA
2460,10.75870614,0.778151196,NA,NA,189.250523,NA,13.30618686,143.5038662,NA,36.9006779,27.24111993,17.37587862,NA
2430,11.21066114,0.960826206,NA,NA,200.3019565,NA,14.67950928,146.707259,NA,38.34346767,27.23440599,16.82073259,NA
2400,11.79936511,1.096158053,NA,NA,224.2345184,NA,17.17682917,155.7518888,NA,40.39929501,27.86728814,15.89974515,NA
2370,12.23921691,1.182148172,NA,NA,241.5637155,NA,19.02008507,162.5691047,NA,41.10438573,28.8399605,14.85718251,NA
2340,12.5134044,1.239161028,NA,NA,256.2644938,NA,20.42187613,169.8351785,NA,41.19203743,29.90787279,13.92074854,NA
2310,12.7771272,1.251540322,NA,NA,271.1000722,NA,21.83000142,176.2786705,NA,41.57708852,30.93018765,13.12442371,NA
2280,13.02251275,1.227268253,NA,NA,286.3057207,NA,23.24461264,182.5574728,NA,42.17147615,31.81114938,12.38534789,NA
2250,13.26238849,1.197494269,NA,NA,299.8541741,NA,24.51353219,188.114093,NA,42.49322143,32.68219361,11.60026406,NA
2220,13.2356276,1.094784383,NA,NA,295.9247366,NA,24.33818971,185.6874519,NA,40.80437965,33.22750815,10.64371938,NA
2190,13.18432689,1.156206399,NA,NA,288.7410862,NA,23.57042384,185.472047,NA,39.37184564,33.20327352,10.20948488,NA
2160,13.32879328,1.209379073,NA,NA,287.0169386,NA,23.16566962,189.0463365,NA,39.12341529,32.96520143,10.04430666,NA
2130,13.55506431,1.263192759,NA,NA,285.669502,NA,22.76098129,193.7416781,NA,38.91584437,32.67541072,9.853208853,NA
2100,13.82579169,1.324810098,NA,NA,282.4323959,NA,22.12580105,199.8625204,NA,38.32811571,32.42705513,9.547692759,NA
2070,14.32672889,1.368581324,NA,NA,278.367442,NA,21.48569615,206.8592863,NA,37.7534615,31.91768711,9.213097811,NA
2040,14.99056341,1.403161804,NA,NA,275.9572433,NA,21.25853931,216.3013599,NA,37.92011296,31.01784089,8.950347091,NA
2010,15.68063565,1.401562316,NA,NA,274.0152966,NA,21.39229542,224.6800347,NA,38.6542977,30.22683175,8.863007718,NA
1980,16.30330305,1.357520536,NA,NA,271.4462507,NA,22.24452695,231.7886255,NA,39.73253069,28.68677652,8.824377703,NA
1950,16.70347496,1.322290169,NA,NA,268.9985321,NA,23.4242675,239.1034887,NA,40.96895167,26.4864793,8.785810548,NA
1920,16.97868339,1.302735372,NA,NA,266.5469887,NA,24.83641919,246.4868724,NA,42.29212713,23.90382983,8.755983283,NA
1890,17.23944622,1.305040629,NA,NA,263.4342351,NA,26.59883713,257.2658081,NA,43.85564129,21.07987813,8.834282817,NA
1860,17.2667906,1.336041825,NA,NA,259.8462661,NA,28.34424861,267.9546642,NA,45.17038101,18.74589253,8.956024479,NA
1830,17.21149975,1.370010198,NA,NA,256.3183111,NA,30.03612617,278.2314128,NA,46.32124748,16.37723506,9.076272695,NA
1800,17.35310195,1.441121864,NA,NA,254.4787825,NA,31.98485495,292.1881876,NA,47.49523996,14.54826174,9.237483125,NA
1770,17.60983706,1.671744144,NA,NA,252.1669861,NA,33.46853608,307.5849186,NA,49.17242902,13.47953276,9.388009756,NA
1740,17.97016208,1.995888431,NA,NA,249.2262853,NA,34.37102171,321.053811,NA,50.9174493,13.10814744,9.489693952,NA
1710,18.33949868,2.25808897,NA,NA,247.0418204,NA,35.35290622,333.3519612,NA,52.22066141,12.9292281,9.615973898,NA
1680,18.59947867,2.569224793,NA,NA,244.7474231,NA,35.64079876,340.5024859,NA,53.6627896,13.08800372,9.540117082,NA
1650,18.90649023,2.90647491,NA,NA,243.2028673,NA,35.81935702,347.9079508,NA,55.42162136,13.2805428,9.471814871,NA
1620,19.29789375,3.193511637,NA,NA,242.8525785,NA,35.7830837,356.5428249,NA,57.45952902,13.30486533,9.54487348,NA
1590,19.7365012,3.354946309,NA,NA,244.7697849,NA,34.78093928,363.475691,NA,60.30574123,12.85795305,9.999371493,NA
1560,20.22658395,3.332286718,NA,NA,249.6830889,NA,34.14760199,370.7062529,NA,62.82201562,12.47489666,10.60675779,NA
1530,20.7582997,3.309269497,NA,NA,254.7956375,NA,33.45676052,378.2956119,NA,65.53887164,12.15405712,11.19572575,NA
1500,21.34166935,3.336239737,NA,NA,259.4566113,NA,32.82812206,385.368626,NA,68.16100457,11.88597499,11.78825566,NA
1470,22.25283724,3.375707993,NA,NA,271.3815026,NA,32.80281577,400.9703895,NA,71.24605568,11.79435746,12.4697114,NA
1440,23.3228978,3.476890169,NA,NA,288.3901699,NA,33.10426491,425.4660744,NA,75.14207297,11.87953849,13.1853993,NA
1410,24.64334861,3.694683008,NA,NA,307.9747388,NA,33.54893586,460.1639092,NA,79.6349642,12.27956136,14.02730014,NA
1380,26.01865035,3.867276392,NA,NA,328.4364604,NA,34.32477553,502.7920842,NA,83.55264472,13.1699125,14.89844651,NA
1350,27.57525343,3.941663089,NA,NA,344.2471433,NA,34.38876633,547.029946,NA,87.21942452,14.38669372,16.18368255,NA
1320,28.48094505,3.976973049,NA,NA,351.5908285,NA,33.91549545,577.0024659,NA,89.58590647,15.33142062,17.37964291,NA
1290,29.23459833,3.972228163,NA,NA,357.3309837,NA,33.31828821,604.5219807,NA,91.66441269,16.15125652,18.5548838,NA
1260,29.98025186,3.946666683,NA,NA,357.1858288,NA,32.40552846,625.7103051,NA,93.02264141,16.82078023,19.69834279,NA
1230,29.89034309,3.786948878,NA,NA,348.048216,NA,31.05865455,628.5072988,NA,91.90357527,16.99188082,20.49468398,NA
1200,29.48401869,3.54591068,NA,NA,334.4926858,0.125624475,29.61611372,618.5259062,NA,89.59993711,16.99886498,20.9028488,NA
1170,28.64240452,3.43712209,NA,NA,317.3488581,0.142933247,28.35560475,595.909217,NA,86.55019608,16.51238728,20.73046649,NA
1140,28.09335718,3.443766486,NA,NA,308.5382355,0.16285579,28.02689813,584.4936698,NA,84.4284375,16.29311048,20.4034008,NA
1110,28.33451154,3.51250624,NA,NA,303.5878489,0.213910608,28.05294426,588.9489605,NA,83.72697068,17.02441967,20.48678115,NA
1080,28.24943474,3.56312147,NA,NA,297.0113765,0.250038532,27.97693445,587.5572547,NA,82.4785971,17.42175297,20.340677,NA
1050,28.30789963,3.579939414,NA,NA,290.8467653,0.300263905,27.88215152,591.0727803,NA,81.73177383,18.2221078,20.60224895,NA
1020,29.2627425,3.678154865,NA,NA,290.4161969,0.371467893,28.21125889,621.383211,NA,82.66744203,20.47911099,21.40326987,NA
990,30.49715844,3.873133785,NA,NA,289.960538,0.444793955,28.69221925,655.2122841,NA,83.85816418,22.44340887,22.22096408,NA
960,32.06041225,4.026389781,NA,NA,286.5536571,0.544326706,29.65158243,679.6401808,NA,85.26818927,23.91615757,23.30823451,NA
930,33.26220808,4.100864181,NA,NA,284.9313527,0.608783841,30.32481778,700.2050121,NA,86.3312051,24.84134827,23.97110566,NA
900,34.1728422,4.18073958,NA,NA,284.3129976,0.642722724,30.90745847,718.1587697,NA,87.17516351,25.2975532,24.36635209,NA
870,35.64821899,4.252808411,NA,NA,283.4647852,0.746147375,31.82552356,738.5031516,NA,88.31189487,26.07295758,25.22146472,NA
840,37.57166408,4.441463764,NA,NA,282.7742343,0.936480869,33.47913828,760.8644396,NA,89.94989429,26.34077965,26.51913361,NA
810,39.67078706,4.69096558,NA,NA,280.1207716,1.253695972,35.16182668,773.265206,NA,91.89348604,25.93726406,27.69148718,NA
780,42.44933988,4.894654489,NA,NA,281.0193672,1.792750806,37.10645197,810.6955916,NA,95.82354478,26.79507441,29.03470372,NA
750,45.46958129,5.183367022,NA,NA,284.7381663,2.39851669,39.79458644,869.9948779,NA,101.4746616,28.0264316,30.02275804,NA
720,49.77557584,5.61983833,NA,NA,279.3786604,3.627823649,42.74486083,907.9854423,NA,108.9026898,29.58040915,30.8031935,NA
690,54.36389826,6.174560846,NA,NA,267.9759719,5.632089057,45.00144907,922.8629281,NA,115.805688,32.59008861,30.94851527,NA
660,58.08556055,6.613640617,NA,NA,258.2832082,7.121225813,46.76594249,938.0757566,NA,122.4546129,34.51929854,30.62691488,NA
630,61.45769418,7.052454837,NA,NA,247.866852,8.89359403,48.25164689,944.1990599,NA,128.3344087,37.01895124,29.65541657,NA
600,64.69860004,7.636032658,NA,NA,235.1775814,11.01010991,51.14534122,935.4662074,NA,132.1140012,38.95818506,28.22347919,NA
570,65.89780395,8.045438917,NA,NA,216.7619157,12.41643689,53.56878557,893.5322789,NA,131.6084253,38.21115075,26.38825562,NA
540,64.0251986,7.88240568,NA,NA,194.2184233,13.08276582,53.25859521,809.845478,NA,125.5427726,35.56211308,24.16440426,NA
510,60.33120865,7.371596468,NA,NA,179.6513614,12.79174402,53.14146649,746.9450154,NA,117.4747396,31.61169664,22.44937195,NA
480,56.05991684,6.717157731,NA,NA,167.702472,11.95806315,53.12402817,688.06167,NA,108.7986446,26.4043947,20.9882915,NA
450,52.13831758,6.158173771,NA,NA,152.7164033,11.6215861,52.91172671,621.9974217,NA,100.1230012,22.43292556,19.21350439,NA
420,48.15302681,5.464526419,NA,NA,140.6470291,10.51329948,52.31883988,566.5425602,NA,92.68000529,17.28668912,17.84849484,NA
390,43.16619219,4.605525297,NA,NA,129.0449266,9.485829922,49.94908968,503.9377637,NA,85.04564199,13.10608474,16.55354091,NA
360,39.50828107,3.981967998,NA,NA,118.8107639,9.086608148,48.52102956,449.9685734,NA,77.85004681,10.91213266,15.58372961,NA
330,35.64076612,3.678221877,NA,NA,104.2963594,8.747690532,45.70136393,398.0860065,NA,69.85917563,9.361324282,14.59684209,NA
300,32.49654923,3.559715668,NA,NA,90.28869308,8.418630742,42.76848353,355.4722076,NA,62.5934361,8.328783633,13.65632942,NA
